{
  "timestamp": "2025-08-22T14:59:28.206374",
  "sheets": {
    "Sheet1": {
      "type": "generic",
      "sheet_name": "Sheet1",
      "shape": [
        33,
        13
      ],
      "columns": [
        "AX",
        40,
        7296557694,
        "Unnamed: 3",
        "Unnamed: 4",
        "Unnamed: 5",
        "Unnamed: 6",
        "CP",
        16,
        6371457585,
        63.71457585,
        3.982160990625,
        "Unnamed: 12"
      ],
      "metrics": {
        "40": {
          "sum": 344.0,
          "mean": 12.74074074074074,
          "min": 1.0,
          "max": 128.0
        },
        "7296557694": {
          "sum": 23907249831.0,
          "mean": 885453697.4444444,
          "min": 0.0,
          "max": 10401269175.0
        }
      },
      "total_rows": 33,
      "non_empty_rows": 33
    },
    "고객현황": {
      "type": "customer",
      "sheet_name": "고객현황",
      "metrics": {},
      "total_customers": 163
    },
    "SD-WAN": {
      "type": "sdwan",
      "sheet_name": "SD-WAN",
      "metrics": {},
      "total_connections": 19,
      "active_connections": 13
    },
    "매출집계": {
      "type": "revenue",
      "sheet_name": "매출집계",
      "metrics": {
        "total": 851438718043.0,
        "average": 1605795187.640715
      },
      "total_revenue": 851438718043.0
    },
    "매출": {
      "type": "revenue",
      "sheet_name": "매출",
      "metrics": {}
    },
    "통합고객별": {
      "type": "customer",
      "sheet_name": "통합고객별",
      "metrics": {
        "total_합계 : 2506 매출액": 29326789566.0,
        "avg_합계 : 2506 매출액": 165688076.6440678,
        "total_합계 : 2505 매출액": 25738333566.0,
        "avg_합계 : 2505 매출액": 145414313.93220338,
        "total_합계 : 2504 매출액": 33312310214.0,
        "avg_합계 : 2504 매출액": 188205142.4519774,
        "total_합계 : 2503 매출액": 31741900628.0,
        "avg_합계 : 2503 매출액": 179332771.90960452,
        "total_합계 : 2502 매출액": 30882940502.0,
        "avg_합계 : 2502 매출액": 174479889.8418079,
        "total_합계 : 2501 매출액": 31798123986.0,
        "avg_합계 : 2501 매출액": 179650418.0,
        "total_합계 : 2412 매출액": 28066888006.0,
        "avg_합계 : 2412 매출액": 158569988.73446327,
        "total_합계 : 2411 매출액": 28439690040.0,
        "avg_합계 : 2411 매출액": 160676214.91525424,
        "total_합계 : 2410 매출액": 27981936906.0,
        "avg_합계 : 2410 매출액": 158090039.01694915,
        "total_합계 : 2409 매출액": 28034086178.0,
        "avg_합계 : 2409 매출액": 158384667.67231637,
        "total_합계 : 2408 매출액": 29146274670.0,
        "avg_합계 : 2408 매출액": 164668218.47457626
      },
      "total_customers": 178
    },
    "서비스ID": {
      "type": "generic",
      "sheet_name": "서비스ID",
      "shape": [
        1256,
        37
      ],
      "columns": [
        "Unnamed: 0",
        "서비스유형",
        "통합고객명",
        "서비스ID",
        "합계 : 2506 미청구액",
        "합계 : 2506 청구액",
        "합계 : 2506 매출액",
        "합계 : 2505 미청구액",
        "합계 : 2505 청구액",
        "합계 : 2505 매출액",
        "합계 : 2504 미청구액",
        "합계 : 2504 청구액",
        "합계 : 2504 매출액",
        "합계 : 2503 미청구액",
        "합계 : 2503 청구액",
        "합계 : 2503 매출액",
        "합계 : 2502 미청구액",
        "합계 : 2502 청구액",
        "합계 : 2502 매출액",
        "합계 : 2501 미청구액"
      ],
      "metrics": {
        "Unnamed: 0": {
          "sum": 3588456000.0,
          "mean": 2857050.9554140125,
          "min": -214904927.0,
          "max": 1794228000.0
        },
        "합계 : 2506 미청구액": {
          "sum": 13578762848.0,
          "mean": 10811116.917197453,
          "min": -1491294485.0,
          "max": 6789381424.0
        },
        "합계 : 2506 청구액": {
          "sum": 28277594304.0,
          "mean": 22514008.203821655,
          "min": -10653380.0,
          "max": 14138797152.0
        },
        "합계 : 2506 매출액": {
          "sum": 29326789566.0,
          "mean": 23349354.75,
          "min": -15074696.0,
          "max": 14663394783.0
        },
        "합계 : 2505 미청구액": {
          "sum": 12529567586.0,
          "mean": 9975770.371019108,
          "min": -1250757572.0,
          "max": 6264783793.0
        },
        "합계 : 2505 청구액": {
          "sum": 25940080722.0,
          "mean": 20652930.511146497,
          "min": -204000.0,
          "max": 12970040361.0
        },
        "합계 : 2505 매출액": {
          "sum": 25738333566.0,
          "mean": 20492303.794585988,
          "min": -150000000.0,
          "max": 12869166783.0
        },
        "합계 : 2504 미청구액": {
          "sum": 12731314742.0,
          "mean": 10136397.087579617,
          "min": -938068179.0,
          "max": 6365657371.0
        },
        "합계 : 2504 청구액": {
          "sum": 34573073808.0,
          "mean": 27526332.649681527,
          "min": -204000.0,
          "max": 17286536904.0
        },
        "합계 : 2504 매출액": {
          "sum": 33312310214.0,
          "mean": 26522539.979299363,
          "min": -300000000.0,
          "max": 16656155107.0
        }
      },
      "total_rows": 1256,
      "non_empty_rows": 1256
    },
    "영업기회ID": {
      "type": "generic",
      "sheet_name": "영업기회ID",
      "shape": [
        250,
        37
      ],
      "columns": [
        "Unnamed: 0",
        "영업기회ID",
        "통합고객명",
        "구분",
        "합계 : 2506 미청구액",
        "합계 : 2506 청구액",
        "합계 : 2506 매출액",
        "합계 : 2505 미청구액",
        "합계 : 2505 청구액",
        "합계 : 2505 매출액",
        "합계 : 2504 미청구액",
        "합계 : 2504 청구액",
        "합계 : 2504 매출액",
        "합계 : 2503 미청구액",
        "합계 : 2503 청구액",
        "합계 : 2503 매출액",
        "합계 : 2502 미청구액",
        "합계 : 2502 청구액",
        "합계 : 2502 매출액",
        "합계 : 2501 미청구액"
      ],
      "metrics": {
        "Unnamed: 0": {
          "sum": -58285382.0,
          "mean": -233141.528,
          "min": -29142691.0,
          "max": 2853200.0
        },
        "합계 : 2506 미청구액": {
          "sum": 474089878.0,
          "mean": 52676653.11111111,
          "min": 0.0,
          "max": 237044939.0
        },
        "합계 : 2506 청구액": {
          "sum": 668898854.0,
          "mean": 74322094.8888889,
          "min": 0.0,
          "max": 334449427.0
        },
        "합계 : 2506 매출액": {
          "sum": 659240988.0,
          "mean": 73248998.66666667,
          "min": -2809055.0,
          "max": 329620494.0
        },
        "합계 : 2505 미청구액": {
          "sum": 483747744.0,
          "mean": 53749749.333333336,
          "min": 0.0,
          "max": 241873872.0
        },
        "합계 : 2505 청구액": {
          "sum": 732134314.0,
          "mean": 81348257.1111111,
          "min": 0.0,
          "max": 366067157.0
        },
        "합계 : 2505 매출액": {
          "sum": 717526370.0,
          "mean": 79725152.22222222,
          "min": -2853200.0,
          "max": 358763185.0
        },
        "합계 : 2504 미청구액": {
          "sum": 498355688.0,
          "mean": 55372854.222222224,
          "min": 2853200.0,
          "max": 249177844.0
        },
        "합계 : 2504 청구액": {
          "sum": 790122380.0,
          "mean": 87791375.55555555,
          "min": 2941200.0,
          "max": 395061190.0
        },
        "합계 : 2504 매출액": {
          "sum": 775101136.0,
          "mean": 86122348.44444445,
          "min": 2855200.0,
          "max": 387550568.0
        }
      },
      "total_rows": 250,
      "non_empty_rows": 250
    },
    "기준자료": {
      "type": "generic",
      "sheet_name": "기준자료",
      "shape": [
        35,
        14
      ],
      "columns": [
        "Unnamed: 0",
        "서비스분류",
        "Unnamed: 2",
        "KOS계정",
        "KOS계정명",
        "단위서비스ID",
        "SAP계정",
        "SAP계정명",
        "수익성세그먼트 BM L5",
        "세그먼트명",
        "지불계정",
        "지불계정명",
        "BM L4",
        "BM L4 명"
      ],
      "metrics": {},
      "total_rows": 35,
      "non_empty_rows": 32
    }
  },
  "relationships": [
    {
      "sheet1": "고객현황",
      "sheet2": "매출집계",
      "relationship_type": "customer_revenue"
    },
    {
      "sheet1": "고객현황",
      "sheet2": "매출",